{
  "Soldier__76": [
    0.3326053832935513,
    0.07865696927620941,
    0.0005296199291747462,
    0.00019197704291495934,
    5.4437489392385703e-08,
    4.443514643603448e-05,
    2.7996532188245207e-08
  ],
  "Tracer": [
    0.1979496819727627,
    0.011128110687247079,
    0.0006117352018391633,
    2.8729936185298086e-05,
    2.6294245821760325e-09,
    1.4833421469517216e-06,
    2.7555012553794746e-09
  ],
  "Cassidy": [
    0.3814393163577864,
    0.09326584201612866,
    0.01461912498259274,
    0.0015050672980136668,
    -4.482761009306465e-06,
    -0.0003256489360907741,
    5.454001104624298e-06
  ],
  "Mercy": [
    0.39611933039921454,
    0.08219170680139248,
    0.003919572287102509,
    0.0033318186080473727,
    1.2034051112434476e-05,
    0.0009547823072422308,
    -3.9133770376076057e-07
  ],
  "Widowmaker": [
    0.38176325786753024,
    0.11290834534275553,
    0.0005891697206828297,
    0.000267923970912713,
    1.0007687227086576e-07,
    7.82157683769114e-05,
    3.6273950525466076e-08
  ],
  "Sombra": [
    0.2951012311595199,
    0.03816261613369819,
    0.004068598195398801,
    6.0778376864085016e-05,
    9.952574087102211e-09,
    -5.904737783033377e-07,
    -2.8537898574920312e-08
  ],
  "Bastion": [
    0.31337875940083054,
    0.06414255346673407,
    0.002313073833411383,
    0.0004347120865257495,
    3.9368307897628145e-07,
    7.739574286222108e-05,
    -1.8716727560532714e-07
  ],
  "Zenyatta": [
    0.15919162662213454,
    9.439087209801444e-09,
    4.696081599202593e-08,
    2.858779834456396e-14,
    -9.09189492472094e-25,
    -2.6252653671634642e-18,
    -5.2014821817533075e-25
  ],
  "Wrecking Ball": [
    0.23956229212359875,
    0.023967512864008358,
    0.0012764872211988747,
    0.00015953954513632355,
    -1.5595490208716484e-09,
    9.92380366837936e-07,
    7.197950343184799e-08
  ],
  "Kiriko": [
    0.3886330286132727,
    0.1050925408778051,
    0.016235971948286517,
    0.006262820241871398,
    6.315298023644211e-05,
    0.0020302743165602666,
    -6.29790731606871e-08
  ],
  "Venture": [
    0.27885348962831835,
    0.045023003507358585,
    1.4308549283539308e-05,
    0.00011477409834365094,
    3.2034007998931036e-09,
    2.401353895308102e-05,
    -3.3722021681540178e-09
  ],
  "Hanzo": [
    0.43235884705800925,
    0.14916034695362612,
    0.007791100341599952,
    0.0008992073008323536,
    -2.1035349106639816e-07,
    -0.00012531658239183578,
    -2.3707528541329517e-06
  ],
  "Symmetra": [
    0.25069856645981525,
    0.014643700001404792,
    0.0012302233637112399,
    0.00032476401838212325,
    -1.3856249859197147e-07,
    3.74478417657714e-05,
    -1.514588068006803e-07
  ],
  "Moira": [
    0.30224414514992604,
    0.044585560852695126,
    0.00395318223401196,
    0.0010255620303605156,
    1.7926563258987457e-06,
    4.900030660419909e-05,
    -1.0249560414629878e-06
  ],
  "Zarya": [
    0.36820221217668686,
    0.09850804008840852,
    0.002358874507481894,
    0.0002524419091270878,
    -1.0572587258237679e-07,
    -5.3750511918504174e-05,
    -1.6361560806290618e-07
  ],
  "Lifeweaver": [
    0.20484875105587813,
    0.010699656930396786,
    0.00016925782577536508,
    1.7948090598391082e-06,
    -3.1282521991191977e-11,
    -1.8565351642782506e-07,
    -1.875701938292059e-23
  ],
  "Torbj\u00f6rn": [
    0.23944285134188234,
    0.021744375694928528,
    0.005091550623458135,
    0.0010346019431522531,
    2.3426906262682766e-06,
    0.0001441611654986875,
    3.8779257516988175e-07
  ],
  "Ashe": [
    0.8784724468417326,
    0.7267882446162233,
    0.011468186049093476,
    0.003932494623722951,
    2.411093572458179e-05,
    0.002407677322779622,
    1.0774525439414037e-05
  ],
  "Ramattra": [
    0.5424754163466375,
    0.08254950944829113,
    0.02418847474306878,
    0.015278981421809508,
    9.161358928971844e-05,
    0.0029802910454903193,
    -0.00027907577124684454
  ],
  "Pharah": [
    0.40841588915229077,
    0.13214742944983274,
    0.005255646998715811,
    0.002562013086692986,
    9.394238551591094e-06,
    0.0009307685308407639,
    3.6274408211861253e-07
  ],
  "Sojourn": [
    0.3001825099058816,
    0.05958029534182814,
    0.0025352996599715934,
    0.0011416417661825394,
    1.9401426750133935e-06,
    0.00027598999294611,
    -9.086268481986484e-08
  ],
  "Baptiste": [
    0.32418086594401185,
    0.06177021330249471,
    0.0014546718411339499,
    0.0005733751284076237,
    4.57832361679143e-07,
    0.00014159866591858337,
    -2.5416225476877517e-07
  ],
  "Orisa": [
    0.25876600881130907,
    0.03998828919193384,
    3.468184423336903e-05,
    1.9817703000862588e-05,
    5.194418057364068e-10,
    3.9438131109574265e-06,
    1.08181370709593e-11
  ],
  "Echo": [
    0.6054644281155708,
    0.30589764070351194,
    0.005983849177615953,
    0.004031319390069919,
    1.9747134536058888e-05,
    0.0018242405602251562,
    1.4433807951067485e-06
  ],
  "Illari": [
    0.4565198198667886,
    0.18069209642007966,
    0.00035538230130256315,
    3.698911501991188e-05,
    -3.776985131251509e-09,
    -1.458822260392512e-05,
    -1.928647316447992e-09
  ],
  "Junker_Queen": [
    0.3640590383107829,
    0.0789094776514946,
    0.0075118736094605485,
    0.0008866943982376999,
    -1.8635163731965962e-06,
    -0.0002261347658654988,
    -1.3282157627126987e-06
  ],
  "Hazard": [
    0.2853679585718599,
    0.052250422670897495,
    0.0018672279935681223,
    0.00088378018783972,
    1.1353115786460704e-06,
    0.00020201758054258417,
    -1.8420911597187e-11
  ],
  "Doomfist": [
    0.259381069246432,
    0.035363578959154304,
    0.0014413689675813917,
    0.0003718356015735868,
    2.6713706050281424e-07,
    6.81763193948238e-05,
    -5.233998903715897e-08
  ],
  "Genji": [
    0.5483417606747213,
    0.1790240556161779,
    0.005054070958095129,
    0.0006925650663589861,
    -1.1543403240971787e-06,
    -0.00028155297294889996,
    -5.885504677494331e-07
  ],
  "Roadhog": [
    0.24337132963080066,
    0.018404939551138325,
    0.00044256682961906044,
    0.0003779971849553707,
    1.276084052641274e-07,
    3.831070447992835e-07,
    8.728495067131774e-08
  ],
  "Junkrat": [
    0.35306751792432906,
    0.08133387989314854,
    0.0028492863961370545,
    0.0008262673985588866,
    1.2462455641119148e-06,
    0.00016398790356649947,
    2.3275682595152986e-07
  ],
  "Sigma": [
    0.1594158227112002,
    3.150727198776674e-07,
    1.0628101826047445e-07,
    3.8514372642678773e-11,
    3.92262687438633e-20,
    -8.604372200363388e-15,
    6.732899802242135e-20
  ],
  "Brigitte": [
    0.4292340333187207,
    0.11605510017531923,
    0.04576898906935049,
    0.02150745918587894,
    0.0006746728967524871,
    0.00732565996066232,
    -1.2627708250650918e-05
  ],
  "Mei": [
    0.22449557764231792,
    0.011289491786784641,
    0.002682146125839977,
    0.00023721923997211368,
    -1.117500787998251e-07,
    -1.547270661981912e-05,
    1.5269568017717167e-07
  ],
  "Winston": [
    0.4444860056298546,
    0.1657594427609724,
    0.011948929737829184,
    0.008962340702684346,
    9.274519982947112e-05,
    0.0036487126811574383,
    -4.554574971610976e-07
  ],
  "Juno": [
    0.27885633795538856,
    0.01336542209926736,
    0.002905859734312859,
    8.89851543126548e-05,
    3.359632540823374e-08,
    -9.5663167853263e-06,
    -3.031176335196493e-08
  ],
  "D_Va": [
    0.22661578395137882,
    0.019208197577947173,
    0.002906355373260968,
    0.0005046997760774723,
    5.86013406433179e-07,
    6.336017429070229e-05,
    -1.7384970043913678e-07
  ],
  "Reaper": [
    0.36092297571731974,
    0.09540301787358323,
    0.003145016982796394,
    0.0008059616550521165,
    9.779247934296262e-07,
    5.70952408942277e-05,
    -8.307705938721581e-07
  ],
  "Ana": [
    0.709244865495003,
    0.32995315288819627,
    0.07373853224684417,
    0.039434642148334045,
    0.002012105720473928,
    0.022434988920027973,
    0.0006880450788218741
  ],